lifelog_id,processed_at
gplFjLOCcMi7gEnXCRAy,2025-08-03T14:23:30.845024
gXg0mujVn0vfEvPk4DR8,2025-08-23T16:47:42+07:00
lZqxQIvzo2zzxa9TmKNm,2025-08-23T16:47:42+07:00
dTwT8JFFLAeWt2NH9ARp,2025-08-23T16:47:42+07:00
LxDahXsZbu6sucf9YjbV,2025-08-23T16:47:42+07:00
Qa08fZJshtoTUp2ecq6r,2025-08-23T16:47:42+07:00
GTnhzViMYw8V3HLWFzTL,2025-08-23T16:47:42+07:00
2mF0ezgtmvA57z9NT0fO,2025-08-23T17:16:22+07:00
Mvckf7aKbF11XFgD7wsi,2025-08-23T17:16:22+07:00
bxMkxmSbOyq2W9ZNP7iO,2025-08-23T17:26:52+07:00
RA4BYTOqoZBdS40JBJgZ,2025-08-23T17:28:10+07:00
6qq5JE8AdgI0mfjahnp1,2025-08-23T17:32:25+07:00
8ACgiOnTW9x8XSA0zWL7,2025-08-23T17:46:26+07:00
JABPXYo5hAJ2Doo9IhLc,2025-08-23T18:27:01+07:00
hDagAbvqv3oFqei2Dww5,2025-08-23T19:29:45+07:00
YNENTcBs6PrwnnvSUkrh,2025-08-23T19:46:46+07:00
1PMjIUcBq4fIfWOwYnVU,2025-08-23T19:52:45+07:00
cbJfbcpl4Y5nwyb44M94,2025-08-23T20:03:53+07:00
ihyLEEtMrWmtPNDbPc4x,2025-08-23T20:06:10+07:00
gDEoZ3XIjwPGG8mdFqXy,2025-08-23T13:29:37+00:00
B9c6iHsj8yfPaCNAu2lr,2025-08-23T13:29:37+00:00
6jrnfmzJa7fL218Q6CZd,2025-08-23T13:49:22+00:00
oj5PU3uJ6Mkdep48yRw0,2025-08-23T14:09:22+00:00
qT2bI8SU6poQTB4vgO0z,2025-08-23T14:30:08+00:00
BCzE5RKOEwWDs1ahH4lC,2025-08-23T14:52:23+00:00
cPGAZHdsSbu1r6CphgGD,2025-08-23T14:56:38+00:00
QXN8YWgSfO3uSdywoHo4,2025-08-23T15:07:39+00:00
qZvegG8XZquE9ynTKb3Q,2025-08-24T04:09:01+00:00
bLHDT7PqaDYGuTDd3IEf,2025-08-24T07:27:09+00:00
3IocfgScPJypUg7bOpFh,2025-08-24T07:27:09+00:00
pS4TGCwafxcR9Kq43Dp1,2025-08-24T07:27:09+00:00
AxYdtx8gy6igr753Tzg1,2025-08-24T07:27:09+00:00
Wosw39pdfCHWsOoMgmk7,2025-08-24T07:27:09+00:00
oZ9XZ30tm3Adxxa25rgN,2025-08-24T07:27:09+00:00
W1UjjzJhVADH4vog4MYp,2025-08-24T07:27:09+00:00
fcsDnCvuVgG5ti08Hfd4,2025-08-24T07:27:09+00:00
KZ5v8e40F1wtLY7y5EjT,2025-08-24T07:58:17+00:00
D1P3AlGuSOql06vP1YMN,2025-08-24T07:58:33+00:00
mmvuq8S4Nmd4R9m0Spi8,2025-08-24T08:29:03+00:00
YLQMb7Jrw5zJaGM4TRJ1,2025-08-24T08:33:47+00:00
S17Q0L8aFUkwOEFgTobR,2025-08-24T08:41:47+00:00
8UcijUVwWSyy4jOjK2xm,2025-08-25T08:07:47+00:00
9cOi41M7IAO7Aj2ZEUwa,2025-08-25T08:07:47+00:00
dVEF3oZn0H1vYX4gojaK,2025-08-25T08:43:16+00:00
ycINPxXKMNuiRs5oLtJV,2025-08-25T10:33:46+00:00
ehaWIl5ANRXP3qx12jaS,2025-08-25T11:15:11+00:00
fPK1PLoUPRBWIDj9qp7d,2025-08-25T11:59:02+00:00
ifqD2yKhT7LTHrlyzrxI,2025-08-25T12:10:46+00:00
uhXhPiNHF6IsoBvFNEhh,2025-08-26T07:14:48+00:00
jgB2jaxkqLsXbXXYbyGn,2025-08-26T08:39:40+00:00
195ZywqKC5VBjxgN6988,2025-08-26T08:59:55+00:00
s6OzvE4rcvTyp6TDWW9b,2025-08-27T10:55:35+00:00
sfN2DZjAzlssIPheTjrK,2025-08-27T10:55:35+00:00
qee2Kcy0Zh4qBucr8lPL,2025-08-27T10:55:35+00:00
HMfpMHiyO6EkHSb3T5Sy,2025-08-27T10:56:44+00:00
PPDCRx5mci69qHg2Sg0t,2025-08-27T11:05:43+00:00
6OXgc2gzalkDNRzx5J4w,2025-08-27T11:05:43+00:00
9G5lW2ppa7hVISmvkaY4,2025-08-27T11:13:59+00:00
Jb8rH988p2Ja0gomrtwq,2025-08-27T11:26:20+00:00
1mpp2MWeIFref1eyHuWa,2025-08-27T11:40:20+00:00
ORaq6OaghYO5odXyGhld,2025-08-27T11:47:05+00:00
S8ZIHKIoqxf84LoacLQY,2025-08-27T11:59:36+00:00
i1t7SNKdCluaRmgNWIec,2025-08-27T11:59:36+00:00
4xgsuo5PV546r7fNuW3x,2025-08-28T02:48:20+00:00
GY11P6TfMulr9V7HlBhE,2025-08-28T03:43:08+00:00
nJHt5DVN78RDjRfuDrSo,2025-08-28T03:43:08+00:00
qESK2xwpSrNKvNqO5zLH,2025-08-28T03:43:08+00:00
7pD9YN6AoNsTLpXMTSVO,2025-08-28T03:43:08+00:00
HUS7Ti3OkRSHgYierus7,2025-08-28T03:52:06+00:00
2nLaIE1QVIadROTOqls5,2025-08-28T04:21:50+00:00
vFv4Ksm8NAMWIzVQ852B,2025-08-28T04:36:06+00:00
1kc7s1JlJehPgU9DTA2O,2025-08-28T04:42:20+00:00
S5gvoCRGG4hgMmkQSNna,2025-08-28T04:42:20+00:00
uWqMaWRHbD8WiUY1kQtA,2025-08-28T05:22:06+00:00
PWHYHYBjWEYEcxp2uQwh,2025-08-28T05:32:05+00:00
wt8I1yYCz8RIE9rXVF3X,2025-08-28T05:38:51+00:00
CvSXW72EMXg0WiiQsYww,2025-08-28T06:39:29+00:00
Gu2hPhvdAq3m3ptbypwq,2025-08-28T06:42:21+00:00
KRBoRzelvvebaO5S6jtu,2025-08-28T06:42:35+00:00
uYmv5fxkErZx8AoviCSV,2025-08-28T07:05:35+00:00
